{
  "ticker": "AAPL",
  "trained_at": "2025-11-18T09:56:29.799214",
  "test_accuracy": 0.8388429752066116,
  "test_roc_auc": 0.5982063913098397,
  "backtest_results": {
    "strategy_return": 0.0,
    "buy_hold_return": 0.13205087359676915,
    "sharpe_ratio": -0.5532032768287359,
    "win_rate": 0.0,
    "total_trades": 0
  },
  "data_period": "5y",
  "target_threshold": 0.015
}